{"default_off_strike": 0.06369443343793667, "default_def_strike": 0.9213107041146787, "strike_damper": 0.4003198656473821, "default_off_grapp": 0.03308964941192609, "default_def_grapp": 0.9566294527455114, "grapp_damper": 0.400264853578013, "default_off_ko": 0.12902464341246697, "default_def_ko": 0.06329806095491478, "ko_finish_damper": 0.4002914830595739, "default_off_sub": 0.10001813326618358, "sub_finish_damper": 0.03559409308199071, "default_def_sub": 0.4000022205922643}