{"default_off_strike": 0.05673145320728654, "default_def_strike": 0.9253508720827784, "strike_damper": 0.4003406825857615, "default_off_grapp": 0.03799680614859075, "default_def_grapp": 0.9521886193513949, "grapp_damper": 0.4002414726392854, "default_off_ko": 0.11487996630348983, "default_def_ko": 0.06450888636702344, "ko_finish_damper": 0.4001186170866251, "default_off_sub": 0.10004238821753579, "sub_finish_damper": 0.04175727075369979, "default_def_sub": 0.4001358052438627}