{"ac9c77c2-56c6-4cc0-9bfe-94a82191e0ac": {"model_id": "ac9c77c2-56c6-4cc0-9bfe-94a82191e0ac", "diff_ceiling": 0.2970525720142855, "diff_floor": 0.006080035199366736, "prev_fight_floor": 4, "prev_fight_ceiling": 99, "bet_intercept": 0.03308837680233998, "conf_diff_lin": -0.24393303241107384, "conf_diff_quad": 0.38866983418747114, "num_fight_lin": 0.19523156706596076, "num_fight_quad": 0.013916302224717597, "standard_wager": 1, "bet_ceiling": 196, "bet_female": false, "average_rank": 3.2, "gross_rank": 11.35, "total_rank": 14.55, "average": 13.706644905592052, "gross": 424.9059920733536, "val_gross": 177.47712573183904, "val_gross_rank": 100.0, "val_average": 6.573226878957001, "val_average_rank": 100.0, "tot_val_rank": 200.0}}