{"model_id": "95ce9226-dc81-4466-9a36-019f337cb077", "diff_ceiling": 0.12186098742573846, "diff_floor": 0.002857238702244663, "prev_fight_floor": 3, "prev_fight_ceiling": 99, "bet_intercept": 0.38399992018373574, "conf_diff_lin": 0.03688065422053949, "conf_diff_quad": 0.38661633065489565, "num_fight_lin": 0.20545133200063603, "num_fight_quad": 0.2628552828413092, "standard_wager": 1, "bet_ceiling": 186, "bet_female": false}