{"model_id": "f3f53f15-b612-452f-90d8-b794164b3df8", "diff_ceiling": 0.2999658847327935, "diff_floor": 0.0006698033194099221, "prev_fight_floor": 4, "prev_fight_ceiling": 99, "bet_intercept": -0.3585512599549777, "conf_diff_lin": 0.0006992004697828416, "conf_diff_quad": 0.4750772220945748, "num_fight_lin": 0, "num_fight_quad": 0, "standard_wager": 1, "bet_ceiling": 200, "bet_female": false}