{"f140b52a-41de-4d75-b27e-113c67da1e03": {"model_id": "6d3390ab-f0fd-4d75-b65f-82d302fe03b3", "average": -39.960708277155916, "gross": -439.5677910487151}, "adf467c4-3e84-418f-997f-53a93bfa62bb": {"model_id": "5e7d431e-f8a6-4ad5-a50e-2bf8954acb28", "average": -39.76989059665656, "gross": -437.46879656322216}, "da487a00-1f4e-4877-bdb3-0a9f95fd848a": {"model_id": "92b008ee-3734-4b14-8563-1f504c80aa3d", "average": -40.01651133689248, "gross": -440.1816247058172}, "f3f53f15-b612-452f-90d8-b794164b3df8": {"model_id": "db9291f6-1ace-45cf-83cf-8b5dd3c0d6e7", "average": -41.332474041936756, "gross": -454.6572144613043}, "e4376d9a-7ee0-47ca-8d7f-c9d72ad69570": {"model_id": "dbe6c6dd-fc22-4b03-b064-bebf5661e435", "average": -41.380436064406716, "gross": -455.18479670847387}, "47a56773-2665-495e-8e41-505755d38f6a": {"model_id": "91ddaf72-7cbe-4799-b16d-600a88c3a3a8", "average": -39.90643429315798, "gross": -438.9707772247378}, "0f1a2c8a-ce31-4ca6-bb74-5f6131f3a5ad": {"model_id": "23d137c3-68ab-43f3-95ea-773a812ffeba", "average": -40.351500269896185, "gross": -443.866502968858}, "208e43c2-5a51-49ab-aa7d-a4ab52048d92": {"model_id": "202e9136-614a-445a-a10a-bfb18d5cc244", "average": -40.32201499005334, "gross": -443.5421648905867}, "4d7143ce-831d-4c17-ba4f-6cb538ad81be": {"model_id": "acd74255-455f-4b03-a3fb-522610e47443", "average": -40.258872423393946, "gross": -442.84759665733344}, "c45192e0-2eda-490b-bd54-5e287841256e": {"model_id": "4971911c-c670-4d59-9321-1b7acb41de9b", "average": -40.464010512903826, "gross": -445.1041156419421}, "237cbd73-1582-4418-bed1-592380086047": {"model_id": "5e811e57-1550-4637-a0f9-2b99d115399f", "average": -40.55436199082106, "gross": -446.09798189903165}, "0d3987a1-b5bb-4a7e-911d-7de76e6b979c": {"model_id": "3628695d-57c6-48de-bb3b-4e57cb0c6bac", "average": -41.66641383761639, "gross": -458.33055221378027}, "3d4e12f3-beb5-4f12-948e-bda58ea03481": {"model_id": "fc334253-1729-400e-9520-10aab03cfaa0", "average": -41.40441602636858, "gross": -455.44857629005435}, "5671e0a2-de11-43e0-8a50-67eaedc3113a": {"model_id": "0c9fd5c9-438e-4f7f-916d-b10fe9a74685", "average": -41.66377096687134, "gross": -458.30148063558477}, "08e0c5c7-4fb6-4130-a723-2fa0bd4a9bc7": {"model_id": "17f03091-8c06-4d1b-bad4-7f65c7afc850", "average": -40.348120831935915, "gross": -443.82932915129504}, "e9589935-4fab-4a75-a0cd-a8cc645d4384": {"model_id": "1552cfe2-151e-4e9b-871d-d888cac31aab", "average": -40.578178864750065, "gross": -446.3599675122507}, "a966423a-dace-4901-8301-c597936c9ee8": {"model_id": "c72dc461-f401-43be-ba67-cd542686e007", "average": -41.400213844139074, "gross": -455.40235228552984}, "1c370556-5b27-4a66-a625-6ff42ef3cbe2": {"model_id": "5b075e8e-2fc9-47f4-bac1-4ce1cb91441d", "average": -41.65440034868662, "gross": -458.1984038355528}, "760b2643-6a0f-4781-908d-10482e670bcc": {"model_id": "22db7c6e-eac4-42f1-b8ea-5d85c50cd850", "average": -41.57600214930969, "gross": -457.3360236424066}, "7cc9c001-7f8f-41af-866a-d44248e40a17": {"model_id": "b4674be4-b35f-419c-8570-4de7a06fde6f", "average": -40.61407888350862, "gross": -446.75486771859477}}