{"26429216-48fb-4a7b-ba05-0bb714157477": {"model_id": "bb6ef8f1-8e62-4cf9-b909-39789bf21238", "average": -8.135707992154092, "gross": -138.30703586661957}, "6401dc4a-928b-400e-af2b-32f777e1681f": {"model_id": "43b8ff0b-c477-4d96-bfb7-427860799159", "average": -9.259379122048404, "gross": -157.40944507482288}, "30c506bc-3a06-442d-a70a-3c99da9c582b": {"model_id": "c8abdf47-59b1-49c2-8c0c-2d487a59ca5c", "average": -10.253281789240797, "gross": -174.30579041709353}, "923bb130-0fad-4f05-b36b-3fe83c7ea422": {"model_id": "661d52d3-5272-4d95-965f-acf45fccbc39", "average": -9.396567974810486, "gross": -159.74165557177827}, "95ce9226-dc81-4466-9a36-019f337cb077": {"model_id": "6922a4eb-8293-4057-906d-5912b71b6caa", "average": 6.37308372227499, "gross": 95.59625583412486}, "67e592ec-8609-4409-bc00-d9fb337f3521": {"model_id": "e33371b6-de13-485a-ba48-668ca8544bc2", "average": 6.324795826844357, "gross": 94.87193740266537}, "77ad55cf-b869-411a-b48e-dae32a11b651": {"model_id": "df4eb553-1f69-432a-96da-4bbec355bcb4", "average": 6.197604138296568, "gross": 92.96406207444852}, "29e2ad06-08fd-42e7-b2df-1293debd6745": {"model_id": "cf1e876e-36fd-4f67-abf8-84e2414a43e8", "average": -9.589882337584935, "gross": -163.0279997389439}, "85558c3e-faab-4878-9999-bb36d3e213fd": {"model_id": "b7633e15-6795-4d70-a7cc-086ddad31ff2", "average": 5.9150996851759485, "gross": 88.72649527763923}, "cbab81d3-acf8-48ce-a09f-27abfe5f87bc": {"model_id": "163e1d0a-7edf-4277-949e-8eda2cc80456", "average": -10.007758133152251, "gross": -170.13188826358828}, "a66d20aa-b53a-4ab6-8d9e-633f6e70ee92": {"model_id": "4538294b-46d0-486d-ac39-c4fc2cfc07bf", "average": -7.324279729117086, "gross": -124.51275539499045}, "ccad4413-c860-47f6-bb4a-c17db392d8df": {"model_id": "77667f1c-03b4-4364-9406-1b3dfac66092", "average": -8.545672523049468, "gross": -145.27643289184095}, "38720b3c-c0f0-4ec5-9290-40832db23bab": {"model_id": "9ec2022f-9630-4197-9940-cd98610f4f88", "average": -2.12972033160003, "gross": -34.07552530560048}, "4a298e96-9f8f-47cb-baef-6bb863464285": {"model_id": "ba445f35-6d2a-41d9-aa1e-303ee009070e", "average": 6.1828645905182045, "gross": 92.74296885777306}, "aa754d18-0a95-4aed-8ea1-1de4b9fd03a1": {"model_id": "be1df751-a467-477a-955f-4ba99339fb6a", "average": -7.876901213875589, "gross": -133.90732063588501}, "afafb2a4-f039-40b0-a99c-adb2cd79bf64": {"model_id": "83556cd8-9dfb-4083-8e2d-54402d555e1a", "average": 6.271202575299802, "gross": 94.06803862949704}, "bd115ebb-e5e8-4688-bde0-44bd2b43dbc9": {"model_id": "e24609aa-27bc-4cf3-93e3-06b60f8f59ff", "average": -10.713307652793132, "gross": -182.12623009748324}, "a49d2d23-b5e5-4f3c-8813-c556a296c1c3": {"model_id": "d48c6a25-c901-4a98-918a-a20cdfb44eea", "average": -10.805897537477609, "gross": -183.70025813711936}, "87de72d1-5662-40df-a84b-e15e33c99ca2": {"model_id": "54248f73-941b-4e30-a797-db37683dc688", "average": -7.677769509336663, "gross": -130.52208165872327}, "cb8887cb-440f-4e2e-bc62-b8d987243825": {"model_id": "ee4bc747-72a2-4536-81c9-24cd5093d83b", "average": 5.687243479908303, "gross": 85.30865219862454}, "75a3ed7a-c0ed-4eed-a10a-a5bc46eaf6c5": {"model_id": "a7ba8780-baf3-4767-b18a-74119fed5024", "average": -10.972696710040733, "gross": -186.53584407069246}, "d5685cbb-a6e7-4a95-a01d-b513eb6a3e0f": {"model_id": "de8ecf01-d565-47a1-bdba-dd7554addacf", "average": 5.756869060858351, "gross": 86.35303591287527}, "523c013b-aefe-4600-9bb3-8337229750fc": {"model_id": "14bcf003-85a7-4fe0-8d1a-bd625107f5b4", "average": 6.004388696178618, "gross": 90.06583044267927}, "77e9e3a4-0ad8-410f-9c7d-614f6b4ee673": {"model_id": "ba682bf2-7a88-4302-a0b1-fd49dd6a43b1", "average": -11.151473651508054, "gross": -189.5750520756369}, "9acde868-e4c3-44bb-b826-86753a919292": {"model_id": "70d99696-0590-46d1-b8bc-6ad2c35f590e", "average": -4.4437170369817425, "gross": -75.54318962868962}, "6bffedc2-82c0-4dc0-abe3-7095e74f2083": {"model_id": "d7541ac7-d641-4549-b7e2-0d84b43b4e52", "average": -6.770420158114756, "gross": -115.09714268795085}, "e2dfbd08-d19b-4bbc-bb35-6db56f9b936a": {"model_id": "b7a728c0-a01a-46a9-8318-62d4f0c0a9a2", "average": -10.59308448924829, "gross": -180.08243631722092}, "d740e4cc-dc14-48ba-a322-aaafc9e553d6": {"model_id": "1bb83767-e1aa-4c96-b303-96e867ac3970", "average": -9.110549485559401, "gross": -154.87934125450982}, "436937c3-0fae-4b85-9a40-592858d969fb": {"model_id": "b4900600-3bdd-4064-a07d-760ef0683f54", "average": 5.9560570088446525, "gross": 89.34085513266979}, "7a6c6ce2-edf1-4ed7-a988-727c1a9836be": {"model_id": "b614a83f-af19-42bd-8f79-2e6ae460151f", "average": -4.134386408687245, "gross": -70.28456894768317}, "5bbe4e8e-8a60-43dd-8c67-ce184657a57a": {"model_id": "6eaf333f-2a7d-4f0d-affa-083fdd29427f", "average": -10.318371378237346, "gross": -175.41231343003489}, "fd9b909f-3186-43f9-9fc4-35fca1fec92e": {"model_id": "0ee7aa21-0394-4f37-b949-6db7b52901af", "average": 5.7876397517267035, "gross": 86.81459627590056}, "22ecca49-4415-4568-84d0-7feca4326db9": {"model_id": "22e2f7c8-d98f-4af2-8577-baea439ac532", "average": 5.829501014778888, "gross": 87.44251522168332}, "6c7f4fb2-7975-42bc-b20f-c09e7e0137bc": {"model_id": "b2c6c4eb-88c4-461e-be8d-9f7d9a56c439", "average": -7.732475282682408, "gross": -131.45207980560093}, "59d35344-2d4d-469c-b89c-36f60c78b0cf": {"model_id": "401b31c6-8415-4a87-a687-780f35798852", "average": -7.559274729989795, "gross": -128.50767040982652}, "b3cd5711-891a-4d6d-9d80-2a5abdae34bf": {"model_id": "dcb6faf3-4370-4925-9a78-abb5e9f3e45f", "average": -5.000103242033627, "gross": -85.00175511457167}, "6e53886f-a476-4aaa-865e-9ceda734fc20": {"model_id": "f98600dc-2721-43e8-9696-58c0cd7603f2", "average": 5.386120890340734, "gross": 80.791813355111}, "9a735a48-e1ad-405d-bea2-22b5f6e0eb84": {"model_id": "f35b6d84-0a62-46c9-9e3c-ef344af99ecc", "average": -7.36314301832586, "gross": -125.17343131153962}, "cd151ebb-6119-4db3-b388-eae0afd18b43": {"model_id": "c708780a-fcbf-43cd-8264-536fcac95aec", "average": -5.254105887210979, "gross": -89.31980008258665}, "9d81c480-439e-4f8c-b9b0-ff3c9a4bbabc": {"model_id": "30ba48c2-8612-439a-8770-48b2c691feef", "average": -5.158356479393988, "gross": -87.6920601496978}, "24028486-f3b6-4177-8538-9024ed2f2ae5": {"model_id": "305cb265-f655-4c02-98a3-57723732aecb", "average": 5.371868878029249, "gross": 80.57803317043874}, "6b2ade85-74be-40c0-a7c7-0596a517aea7": {"model_id": "beaa3989-523e-4147-b203-dfe837bbdf77", "average": -6.313056895257834, "gross": -107.32196721938317}, "775c8794-e5e4-4218-b24a-14fc14140dba": {"model_id": "0ac8ab92-2de1-4c24-9e6a-1a6845cf3228", "average": 5.7756762384502585, "gross": 86.63514357675388}, "67900d9a-7a55-4d56-8907-ad43b1ee0e85": {"model_id": "c3d64999-4a3a-4234-a35e-5b9dcb00d13e", "average": -5.729799989508261, "gross": -97.40659982164044}, "3d4ab038-8949-4aec-b65e-8e0322ae6ce8": {"model_id": "b1fb6b59-b283-4928-927d-d9617574a9db", "average": 5.38342740814929, "gross": 80.75141112223935}, "aa016ddc-0407-48bb-98db-41c7eccd559f": {"model_id": "5fa9650c-9753-4061-95c8-c5f6a192ddb1", "average": 5.7118390121481415, "gross": 85.67758518222212}, "38e5318a-6e7a-4422-89b5-cb842aa03536": {"model_id": "bf5d8ac8-7f7c-4ffc-b0ce-f50ba4dd092c", "average": -5.5327285065310265, "gross": -94.05638461102745}, "410bc509-c541-4f94-9f7c-4c3cdaf82f3e": {"model_id": "43338afb-e030-4fbd-ae95-33f02b13da87", "average": -5.075512214654867, "gross": -86.28370764913274}, "3101f9bc-2f7a-4570-b1fa-afaa5b77328f": {"model_id": "4e4a31d2-a31a-424a-8899-7cee49885e10", "average": -0.5098153419804135, "gross": -8.157045471686615}}